{
  "HTTP Request - Verify OTP → get idToken" : {
    "transaction" : "HTTP Request - Verify OTP → get idToken",
    "sampleCount" : 50,
    "errorCount" : 0,
    "errorPct" : 0.0,
    "meanResTime" : 397.11999999999995,
    "medianResTime" : 389.5,
    "minResTime" : 348.0,
    "maxResTime" : 477.0,
    "pct1ResTime" : 457.0,
    "pct2ResTime" : 463.84999999999997,
    "pct3ResTime" : 477.0,
    "throughput" : 1.034147552172744,
    "receivedKBytesPerSec" : 1.6683708556536847,
    "sentKBytesPerSec" : 0.47566747761070555
  },
  "HTTP Request - Add to Cart" : {
    "transaction" : "HTTP Request - Add to Cart",
    "sampleCount" : 50,
    "errorCount" : 0,
    "errorPct" : 0.0,
    "meanResTime" : 741.98,
    "medianResTime" : 731.5,
    "minResTime" : 612.0,
    "maxResTime" : 1018.0,
    "pct1ResTime" : 858.8,
    "pct2ResTime" : 941.3499999999995,
    "pct3ResTime" : 1018.0,
    "throughput" : 1.031885254359715,
    "receivedKBytesPerSec" : 1.3214983618821587,
    "sentKBytesPerSec" : 1.5125583660096997
  },
  "Total" : {
    "transaction" : "Total",
    "sampleCount" : 200,
    "errorCount" : 0,
    "errorPct" : 0.0,
    "meanResTime" : 421.65000000000015,
    "medianResTime" : 354.5,
    "minResTime" : 176.0,
    "maxResTime" : 1018.0,
    "pct1ResTime" : 789.0,
    "pct2ResTime" : 809.75,
    "pct3ResTime" : 1008.8300000000002,
    "throughput" : 3.983508275738443,
    "receivedKBytesPerSec" : 5.908176866522596,
    "sentKBytesPerSec" : 3.2803646030434
  },
  "HTTP Request - Send OTP" : {
    "transaction" : "HTTP Request - Send OTP",
    "sampleCount" : 50,
    "errorCount" : 0,
    "errorPct" : 0.0,
    "meanResTime" : 332.32000000000005,
    "medianResTime" : 315.5,
    "minResTime" : 286.0,
    "maxResTime" : 992.0,
    "pct1ResTime" : 354.3,
    "pct2ResTime" : 378.34999999999997,
    "pct3ResTime" : 992.0,
    "throughput" : 1.0201167013506345,
    "receivedKBytesPerSec" : 0.5608649441996164,
    "sentKBytesPerSec" : 0.32775233861753783
  },
  "HTTP Request - Get Menu" : {
    "transaction" : "HTTP Request - Get Menu",
    "sampleCount" : 50,
    "errorCount" : 0,
    "errorPct" : 0.0,
    "meanResTime" : 215.17999999999998,
    "medianResTime" : 213.5,
    "minResTime" : 176.0,
    "maxResTime" : 299.0,
    "pct1ResTime" : 240.8,
    "pct2ResTime" : 249.7,
    "pct3ResTime" : 299.0,
    "throughput" : 1.0388099393334995,
    "receivedKBytesPerSec" : 2.5854802613126404,
    "sentKBytesPerSec" : 1.0875041552397573
  }
}